ID,Title,Author,Year,Format,File
1,Ensiklopedia Makanan Tradisional,Dian Kristiani,2016,PDF,ebook/Ensiklopedia Makanan Tradisional.pdf
2,Ensiklopedia Sejarah dan Budaya,PT Lentera Abadi,2009,PDF,ebook/Ensiklopedia Sejarah dan Budaya.pdf
3,Ayo Mengenal Hewan,Hasbullah,2019,PDF,ebook/Ayo Mengenal Hewan.pdf
4,Ensiklopedia Hewan Laut,Aisyah Wahyu W,2021,PDF,ebook/Ensiklopedia Hewan Laut.pdf
5,Aum Aum Dinosaurus!,Lavanya Naidu,2024,PDF,ebook/Aum Aum Dinosaurus!.pdf
6,Nyanyian Hujan,Mala Kumar,2015,PDF,ebook/Nyanyian Hujan.pdf
7,Di Mana Gogo,Mala Kumar,2024,PDF,ebook/Di Mana Gogo.pdf
8,Apa Isi Panci Itu,Crystal Warren,2016,PDF,ebook/Apa Isi Panci Itu.pdf
9,Kumpulan Cerita Dongeng Anak,Gendhotwukir,2004,PDF,ebook/Kumpulan Cerita Dongeng Anak.pdf
10,Dongeng Binatang Anak,Anita Bahar,2023,PDF,ebook/Dongeng Binatang Anak.pdf
11,Ringkasan Materi Kuliah Tamu Virtual Reality,Allila A,13040123140110,PDF,ebook/Ringkasan Materi Kuliah Tamu Virtual Reality.pdf
